runs,NotOut,mins,bf,fours,sixes,sr,Inns,Opp,Ground,Date,Winner,Century,Won
13,0,30,15,3,0,86.66,1,New Zealand,Napier,1995-02-16,New Zealand,No,No
37,0,75,51,3,1,72.54,2,South Africa,Hamilton,1995-02-18,South Africa,No,No
47,0,65,40,7,0,117.5,2,Australia,Dunedin,1995-02-22,India,No,Yes
48,0,37,30,9,1,160.0,2,Bangladesh,Sharjah,1995-04-05,India,No,Yes
4,0,13,9,1,0,44.44,2,Pakistan,Sharjah,1995-04-07,Pakistan,No,No
112,1,137,107,15,1,104.67,2,Sri Lanka,Sharjah,1995-04-09,India,Yes,Yes
41,0,51,41,5,0,100.0,2,Sri Lanka,Sharjah,1995-04-14,India,No,Yes
30,0,30,20,5,0,150.0,1,New Zealand,Jamshedpur,1995-11-15,New Zealand,No,No
39,0,79,51,4,0,76.47,2,New Zealand,Amritsar,1995-11-18,India,No,Yes
7,0,27,11,1,0,63.63,2,New Zealand,Pune,1995-11-24,India,No,Yes
65,0,96,59,9,1,110.16,2,New Zealand,Nagpur,1995-11-26,New Zealand,No,No
1,0,14,4,0,0,25.0,2,New Zealand,Mumbai (BS),1995-11-29,India,No,Yes
127,1,175,138,15,1,92.02,2,Kenya,Cuttack,1996-02-18,India,Yes,Yes
70,0,137,91,8,0,76.92,2,West Indies,Gwalior,1996-02-21,India,No,Yes
90,0,124,84,14,1,107.14,2,Australia,Mumbai,1996-02-27,Australia,No,No
137,0,198,137,8,5,100.0,1,Sri Lanka,Delhi,1996-03-02,Sri Lanka,Yes,No
3,0,10,12,0,0,25.0,1,Zimbabwe,Kanpur,1996-03-06,India,No,Yes
31,0,103,59,3,0,52.54,1,Pakistan,Bengaluru,1996-03-09,India,No,Yes
65,0,96,88,9,0,73.86,2,Sri Lanka,Kolkata,1996-03-13,Sri Lanka,No,No
28,0,-,31,3,1,90.32,1,Sri Lanka,Singapore,1996-04-03,India,No,Yes
100,0,-,111,9,1,90.09,1,Pakistan,Singapore,1996-04-05,Pakistan,Yes,No
1,0,-,5,0,0,20.0,2,Pakistan,Sharjah,1996-04-12,Pakistan,No,No
2,0,23,15,0,0,13.33,2,South Africa,Sharjah,1996-04-14,South Africa,No,No
118,0,-,140,8,2,84.28,1,Pakistan,Sharjah,1996-04-15,India,Yes,Yes
17,0,32,26,2,0,65.38,1,South Africa,Sharjah,1996-04-17,South Africa,No,No
57,0,104,71,6,0,80.28,2,South Africa,Sharjah,1996-04-19,South Africa,No,No
6,0,26,19,0,0,31.57,1,England,Leeds,1996-05-25,England,No,No
110,0,-,138,5,1,79.71,1,Sri Lanka,Colombo (RPS),1996-08-28,Sri Lanka,Yes,No
40,0,60,46,8,0,86.95,2,Zimbabwe,Colombo (SSC),1996-09-01,India,No,Yes
7,0,24,11,1,0,63.63,1,Australia,Colombo (SSC),1996-09-06,Australia,No,No
89,1,-,89,9,3,100.0,2,Pakistan,Toronto,1996-09-16,India,No,Yes
20,0,-,23,3,0,86.95,1,Pakistan,Toronto,1996-09-17,Pakistan,No,No
2,0,-,13,0,0,15.38,1,Pakistan,Toronto,1996-09-18,India,No,Yes
3,0,-,9,0,0,33.33,2,Pakistan,Toronto,1996-09-21,Pakistan,No,No
23,0,-,44,0,1,52.27,2,Pakistan,Toronto,1996-09-23,Pakistan,No,No
11,0,20,8,2,0,137.5,2,South Africa,Hyderabad (Deccan),1996-10-17,South Africa,No,No
88,0,189,111,9,0,79.27,2,Australia,Bengaluru,1996-10-21,India,No,Yes
64,0,133,93,3,0,68.81,2,South Africa,Jaipur,1996-10-23,South Africa,No,No
28,0,55,38,5,0,73.68,1,South Africa,Rajkot,1996-10-29,South Africa,No,No
62,0,-,61,8,0,101.63,1,Australia,Mohali,1996-11-03,India,No,Yes
67,0,128,88,6,0,76.13,1,South Africa,Mumbai,1996-11-06,India,No,Yes
114,0,157,126,14,0,90.47,1,South Africa,Mumbai,1996-12-14,India,Yes,Yes
0,0,12,4,0,0,0.0,2,South Africa,Bloemfontein,1997-01-23,South Africa,No,No
6,0,8,8,1,0,75.0,2,Zimbabwe,Paarl,1997-01-27,tied,No,No
1,0,14,14,0,0,7.14,1,South Africa,Port Elizabeth,1997-02-02,South Africa,No,No
14,0,34,24,2,0,58.33,1,South Africa,East London,1997-02-04,South Africa,No,No
41,0,81,56,1,1,73.21,1,Zimbabwe,Centurion,1997-02-07,Zimbabwe,No,No
104,0,121,97,8,1,107.21,2,Zimbabwe,Benoni,1997-02-09,India,Yes,Yes
32,0,55,27,6,0,118.51,1,South Africa,Durban,1997-02-12,no result,No,No
45,0,48,33,7,1,136.36,2,South Africa,Durban,1997-02-13,South Africa,No,No
13,0,18,15,0,1,86.66,1,Zimbabwe,Bulawayo,1997-02-15,Zimbabwe,No,No
44,0,57,43,10,0,102.32,1,West Indies,Port of Spain,1997-04-26,West Indies,No,No
65,1,111,70,7,0,92.85,2,West Indies,Port of Spain,1997-04-27,India,No,Yes
9,0,22,15,1,0,60.0,2,West Indies,Kingstown,1997-04-30,West Indies,No,No
1,0,17,11,0,0,9.09,1,West Indies,Bridgetown,1997-05-03,West Indies,No,No
117,0,188,137,13,2,85.4,2,New Zealand,Bengaluru,1997-05-14,India,Yes,Yes
2,0,19,4,0,0,50.0,1,Sri Lanka,Mumbai,1997-05-17,Sri Lanka,No,No
4,0,10,7,1,0,57.14,2,Pakistan,Chennai,1997-05-21,Pakistan,No,No
21,0,49,28,3,0,75.0,1,Sri Lanka,Colombo (RPS),1997-07-18,Sri Lanka,No,No
28,0,36,21,5,0,133.33,2,Bangladesh,Colombo (SSC),1997-07-24,India,No,Yes
53,0,109,67,2,0,79.1,1,Sri Lanka,Colombo (RPS),1997-07-26,Sri Lanka,No,No
27,0,55,28,3,0,96.42,2,Sri Lanka,Colombo (RPS),1997-08-17,Sri Lanka,No,No
6,0,4,6,1,0,100.0,1,Sri Lanka,Colombo (RPS),1997-08-20,Sri Lanka,No,No
27,0,47,31,4,0,87.09,1,Sri Lanka,Colombo (SSC),1997-08-23,no result,No,No
39,0,41,32,3,2,121.87,2,Sri Lanka,Colombo (SSC),1997-08-24,Sri Lanka,No,No
17,0,82,54,2,0,31.48,1,Pakistan,Toronto,1997-09-13,India,No,Yes
25,1,66,45,3,0,55.55,2,Pakistan,Toronto,1997-09-14,India,No,Yes
0,0,26,10,0,0,0.0,1,Pakistan,Toronto,1997-09-18,India,No,Yes
6,0,10,7,1,0,85.71,2,Pakistan,Toronto,1997-09-20,India,No,Yes
51,0,106,64,4,1,79.68,1,Pakistan,Toronto,1997-09-21,Pakistan,No,No
2,0,17,11,0,0,18.18,1,Pakistan,Hyderabad (Sind),1997-09-28,Pakistan,No,No
21,0,24,18,2,1,116.66,2,Pakistan,Karachi,1997-09-30,India,No,Yes
7,0,19,11,1,0,63.63,1,Pakistan,Lahore,1997-10-02,Pakistan,No,No
91,0,146,87,4,2,104.59,2,England,Sharjah,1997-12-11,England,No,No
3,0,4,4,0,0,75.0,1,Pakistan,Sharjah,1997-12-14,Pakistan,No,No
1,0,3,2,0,0,50.0,2,West Indies,Sharjah,1997-12-16,West Indies,No,No
82,1,110,86,6,0,95.34,2,Sri Lanka,Guwahati,1997-12-22,India,No,Yes
6,0,23,13,0,0,46.15,1,Sri Lanka,Margao,1997-12-28,Sri Lanka,No,No
54,0,104,76,4,0,71.05,2,Bangladesh,Dhaka,1998-01-10,India,No,Yes
67,0,-,44,11,0,152.27,1,Pakistan,Dhaka,1998-01-11,India,No,Yes
95,0,104,78,6,5,121.79,2,Pakistan,Dhaka,1998-01-14,India,No,Yes
1,0,14,6,0,0,16.66,1,Pakistan,Dhaka,1998-01-16,Pakistan,No,No
41,0,-,26,7,1,157.69,2,Pakistan,Dhaka,1998-01-18,India,No,Yes
8,0,21,11,1,0,72.72,1,Australia,Kochi,1998-04-01,India,No,Yes
5,0,44,17,0,0,29.41,1,Zimbabwe,Vadodara,1998-04-05,India,No,Yes
100,0,132,89,5,7,112.35,2,Australia,Kanpur,1998-04-07,India,Yes,Yes
1,0,18,2,0,0,50.0,1,Zimbabwe,Cuttack,1998-04-09,India,No,Yes
15,0,45,24,2,0,62.5,1,Australia,Delhi,1998-04-14,Australia,No,No
40,0,62,41,5,1,97.56,1,New Zealand,Sharjah,1998-04-17,India,No,Yes
80,0,136,72,9,0,111.11,2,Australia,Sharjah,1998-04-19,Australia,No,No
38,0,93,58,2,0,65.51,1,New Zealand,Sharjah,1998-04-20,New Zealand,No,No
143,0,187,131,9,5,109.16,2,Australia,Sharjah,1998-04-22,Australia,Yes,No
134,0,195,131,12,3,102.29,2,Australia,Sharjah,1998-04-24,India,Yes,Yes
33,0,48,29,6,0,113.79,2,Bangladesh,Mumbai,1998-05-25,India,No,Yes
18,0,33,25,2,0,72.0,2,Kenya,Gwalior,1998-05-28,Kenya,No,No
100,1,156,103,13,0,97.08,2,Kenya,Kolkata,1998-05-31,India,Yes,Yes
65,0,79,50,9,0,130.0,2,Sri Lanka,Colombo (RPS),1998-06-19,India,No,Yes
53,0,43,36,3,3,147.22,2,New Zealand,Colombo (RPS),1998-06-23,no result,No,No
17,0,28,16,4,0,106.25,2,Sri Lanka,Colombo (SSC),1998-07-01,Sri Lanka,No,No
128,0,182,131,8,2,97.7,1,Sri Lanka,Colombo (RPS),1998-07-07,India,Yes,Yes
77,0,157,109,9,0,70.64,1,Pakistan,Toronto,1998-09-20,Pakistan,No,No
127,1,155,130,13,1,97.69,2,Zimbabwe,Bulawayo,1998-09-26,India,Yes,Yes
29,0,33,21,4,1,138.09,2,Zimbabwe,Bulawayo,1998-09-27,India,No,Yes
2,0,7,6,0,0,33.33,2,Zimbabwe,Harare,1998-09-30,Zimbabwe,No,No
141,0,191,128,13,3,110.15,1,Australia,Dhaka,1998-10-28,India,Yes,Yes
8,0,20,14,1,0,57.14,1,West Indies,Dhaka,1998-10-31,West Indies,No,No
3,0,15,6,0,0,50.0,2,Sri Lanka,Sharjah,1998-11-06,India,No,Yes
118,1,173,112,14,2,105.35,2,Zimbabwe,Sharjah,1998-11-08,India,Yes,Yes
18,0,57,28,2,0,64.28,1,Sri Lanka,Sharjah,1998-11-09,India,No,Yes
11,0,33,12,2,0,91.66,2,Zimbabwe,Sharjah,1998-11-11,Zimbabwe,No,No
124,1,140,92,12,6,134.78,2,Zimbabwe,Sharjah,1998-11-13,India,Yes,Yes
0,0,10,5,0,0,0.0,1,New Zealand,Taupo,1999-01-09,New Zealand,No,No
23,0,37,19,4,0,121.05,2,New Zealand,Napier,1999-01-12,India,No,Yes
45,0,68,42,2,2,107.14,1,New Zealand,Wellington,1999-01-14,no result,No,No
5,0,27,12,1,0,41.66,2,New Zealand,Auckland,1999-01-16,India,No,Yes
28,0,71,46,5,0,60.86,1,South Africa,Hove,1999-05-15,South Africa,No,No
140,1,114,101,16,3,138.61,1,Kenya,Bristol,1999-05-23,India,Yes,Yes
2,0,10,3,0,0,66.66,1,Sri Lanka,Taunton,1999-05-26,India,No,Yes
0,0,5,4,0,0,0.0,2,Australia,The Oval,1999-06-04,Australia,No,No
45,0,92,65,5,0,69.23,1,Pakistan,Manchester,1999-06-08,India,No,Yes
16,0,26,22,2,0,72.72,1,New Zealand,Nottingham,1999-06-12,New Zealand,No,No
14,0,52,33,0,0,42.42,1,Australia,Galle,1999-08-23,Australia,No,No
37,0,105,58,1,0,63.79,1,Sri Lanka,Colombo (RPS),1999-08-25,Sri Lanka,No,No
120,0,191,141,11,2,85.1,1,Sri Lanka,Colombo (SSC),1999-08-29,India,Yes,Yes
85,0,114,72,7,3,118.05,1,Zimbabwe,Singapore,1999-09-04,India,No,Yes
40,0,97,65,6,0,61.53,1,West Indies,Singapore,1999-09-07,no result,No,No
0,0,-,6,0,0,0.0,1,West Indies,Singapore,1999-09-08,West Indies,No,No
32,0,61,31,2,1,103.22,2,New Zealand,Rajkot,1999-11-05,New Zealand,No,No
186,1,221,150,20,3,124.0,1,New Zealand,Hyderabad (Deccan),1999-11-08,India,Yes,Yes
1,0,41,23,0,0,4.34,1,New Zealand,Gwalior,1999-11-11,India,No,Yes
2,0,21,10,0,0,20.0,2,New Zealand,Guwahati,1999-11-14,New Zealand,No,No
0,0,2,3,0,0,0.0,2,New Zealand,Delhi,1999-11-17,India,No,Yes
13,0,28,26,2,0,50.0,1,Pakistan,Brisbane,2000-01-10,Pakistan,No,No
12,0,25,11,2,0,109.09,2,Australia,Melbourne,2000-01-12,Australia,No,No
1,0,13,11,0,0,9.09,1,Australia,Sydney,2000-01-14,Australia,No,No
93,0,157,103,10,0,90.29,2,Pakistan,Hobart,2000-01-21,Pakistan,No,No
41,0,69,46,5,0,89.13,1,Pakistan,Adelaide,2000-01-25,India,No,Yes
18,0,45,28,2,0,64.28,2,Australia,Adelaide,2000-01-26,Australia,No,No
17,0,19,14,4,0,121.42,2,Pakistan,Perth,2000-01-28,Pakistan,No,No
3,0,23,21,0,0,14.28,1,Australia,Perth,2000-01-30,Australia,No,No
26,0,66,25,4,0,104.0,2,South Africa,Kochi,2000-03-09,India,No,Yes
21,0,39,31,3,0,67.74,2,South Africa,Jamshedpur,2000-03-12,India,No,Yes
12,0,48,28,1,0,42.85,1,South Africa,Faridabad,2000-03-15,South Africa,No,No
122,0,195,138,12,0,88.4,2,South Africa,Vadodara,2000-03-17,India,Yes,Yes
93,0,119,89,7,4,104.49,2,South Africa,Nagpur,2000-03-19,South Africa,No,No
5,0,10,8,0,0,62.5,1,South Africa,Sharjah,2000-03-22,South Africa,No,No
11,0,54,28,1,0,39.28,2,Pakistan,Sharjah,2000-03-23,India,No,Yes
10,0,23,18,1,0,55.55,2,Pakistan,Sharjah,2000-03-26,Pakistan,No,No
39,0,117,68,3,0,57.35,1,South Africa,Sharjah,2000-03-27,South Africa,No,No
93,0,174,95,10,0,97.89,2,Sri Lanka,Dhaka,2000-06-01,Sri Lanka,No,No
25,0,74,30,4,0,83.33,2,Pakistan,Dhaka,2000-06-03,Pakistan,No,No
25,0,55,35,4,0,71.42,2,Kenya,Nairobi (Gym),2000-10-03,India,No,Yes
38,0,58,37,3,3,102.7,1,Australia,Nairobi (Gym),2000-10-07,India,No,Yes
39,0,61,50,4,0,78.0,1,South Africa,Nairobi (Gym),2000-10-13,India,No,Yes
69,0,103,83,10,1,83.13,1,New Zealand,Nairobi (Gym),2000-10-15,New Zealand,No,No
101,0,-,140,3,1,72.14,1,Sri Lanka,Sharjah,2000-10-20,Sri Lanka,Yes,No
8,0,-,15,1,0,53.33,1,Zimbabwe,Sharjah,2000-10-22,India,No,Yes
4,0,-,10,0,0,40.0,2,Zimbabwe,Sharjah,2000-10-26,India,No,Yes
61,0,-,54,7,0,112.96,2,Sri Lanka,Sharjah,2000-10-27,Sri Lanka,No,No
5,0,-,11,0,0,45.45,2,Sri Lanka,Sharjah,2000-10-29,Sri Lanka,No,No
44,0,90,49,7,0,89.79,2,Zimbabwe,Cuttack,2000-12-02,India,No,Yes
8,0,27,20,0,0,40.0,1,Zimbabwe,Ahmedabad,2000-12-05,India,No,Yes
146,0,200,153,15,2,95.42,1,Zimbabwe,Jodhpur,2000-12-08,Zimbabwe,Yes,No
62,0,113,86,9,0,72.09,2,Zimbabwe,Kanpur,2000-12-11,India,No,Yes
27,0,38,38,5,0,71.05,1,Zimbabwe,Rajkot,2000-12-14,India,No,Yes
35,0,47,26,6,1,134.61,1,Australia,Bengaluru,2001-03-25,India,No,Yes
32,0,35,29,6,1,110.34,1,Australia,Pune,2001-03-28,Australia,No,No
139,0,197,125,19,0,111.2,1,Australia,Indore,2001-03-31,India,Yes,Yes
62,0,68,38,11,0,163.15,2,Australia,Visakhapatnam,2001-04-03,Australia,No,No
12,0,17,15,2,0,80.0,1,Australia,Margao,2001-04-06,Australia,No,No
70,1,129,70,13,0,100.0,2,Zimbabwe,Harare,2001-06-24,India,No,Yes
9,0,42,27,0,0,33.33,2,Zimbabwe,Bulawayo,2001-06-27,India,No,Yes
81,1,191,110,8,0,73.63,2,West Indies,Bulawayo,2001-06-30,India,No,Yes
122,1,210,131,12,1,93.12,2,West Indies,Harare,2001-07-04,India,Yes,Yes
0,0,10,4,0,0,0.0,2,West Indies,Harare,2001-07-07,West Indies,No,No
101,0,209,129,9,0,78.29,1,South Africa,Johannesburg,2001-10-05,South Africa,Yes,No
38,0,82,57,5,0,66.66,1,South Africa,Centurion,2001-10-10,India,No,Yes
3,0,24,20,0,0,15.0,2,Kenya,Port Elizabeth,2001-10-17,Kenya,No,No
37,0,68,35,5,0,105.71,2,South Africa,East London,2001-10-19,South Africa,No,No
146,0,186,132,17,0,110.6,1,Kenya,Paarl,2001-10-24,India,Yes,Yes
17,0,49,42,3,0,40.47,1,South Africa,Durban,2001-10-26,South Africa,No,No
36,0,71,43,6,0,83.72,1,England,Kolkata,2002-01-19,India,No,Yes
45,0,101,60,6,0,75.0,2,England,Cuttack,2002-01-22,England,No,No
68,0,110,79,10,0,86.07,2,England,Chennai,2002-01-25,India,No,Yes
87,1,120,67,13,1,129.85,2,England,Kanpur,2002-01-28,India,No,Yes
18,0,20,16,3,0,112.5,2,England,Delhi,2002-01-31,England,No,No
12,0,22,18,1,1,66.66,2,England,Mumbai,2002-02-03,England,No,No
34,1,64,45,2,0,75.55,2,West Indies,Bridgetown,2002-05-29,India,No,Yes
65,0,110,70,3,1,92.85,1,West Indies,Port of Spain,2002-06-02,India,No,Yes
1,0,12,9,0,0,11.11,2,England,Lord's,2002-06-29,India,No,Yes
49,0,123,70,3,1,70.0,2,Sri Lanka,The Oval,2002-06-30,India,No,Yes
105,1,167,108,8,1,97.22,1,England,Chester-le-Street,2002-07-04,no result,Yes,No
19,0,35,25,3,0,76.0,2,Sri Lanka,Birmingham,2002-07-06,India,No,Yes
36,0,60,29,5,0,124.13,2,England,The Oval,2002-07-09,England,No,No
113,0,141,102,12,1,110.78,1,Sri Lanka,Bristol,2002-07-11,India,Yes,Yes
14,0,31,19,1,0,73.68,2,England,Lord's,2002-07-13,India,No,Yes
7,0,39,16,0,0,43.75,1,Zimbabwe,Colombo (RPS),2002-09-14,India,No,Yes
9,1,34,20,0,0,45.0,2,England,Colombo (RPS),2002-09-22,India,No,Yes
16,0,39,29,1,0,55.17,1,South Africa,Colombo (RPS),2002-09-25,India,No,Yes
7,1,33,22,1,0,31.81,2,Sri Lanka,Colombo (RPS),2002-09-30,no result,No,No
0,0,9,10,0,0,0.0,2,New Zealand,Wellington,2003-01-08,India,No,Yes
1,0,21,13,0,0,7.69,2,New Zealand,Auckland,2003-01-11,India,No,Yes
1,0,7,6,0,0,16.66,1,New Zealand,Hamilton,2003-01-14,New Zealand,No,No
52,0,91,72,7,0,72.22,1,Netherlands,Paarl,2003-02-12,India,No,Yes
36,0,127,59,3,0,61.01,1,Australia,Centurion,2003-02-15,Australia,No,No
81,0,122,91,10,0,89.01,1,Zimbabwe,Harare,2003-02-19,India,No,Yes
152,0,193,151,18,0,100.66,1,Namibia,Pietermaritzburg,2003-02-23,India,Yes,Yes
50,0,78,52,8,1,96.15,1,England,Durban,2003-02-26,India,No,Yes
98,0,145,75,12,1,130.66,2,Pakistan,Centurion,2003-03-01,India,No,Yes
5,0,21,12,1,0,41.66,2,Kenya,Cape Town,2003-03-07,India,No,Yes
97,0,160,120,7,1,80.83,1,Sri Lanka,Johannesburg,2003-03-10,India,No,Yes
15,0,25,16,3,0,93.75,2,New Zealand,Centurion,2003-03-14,India,No,Yes
83,0,166,101,5,1,82.17,1,Kenya,Durban,2003-03-20,India,No,Yes
4,0,2,5,1,0,80.0,2,Australia,Johannesburg,2003-03-23,Australia,No,No
48,1,119,66,5,0,72.72,1,New Zealand,Chennai,2003-10-23,no result,No,No
100,0,158,119,9,1,84.03,1,Australia,Gwalior,2003-10-26,India,Yes,Yes
68,0,113,76,10,0,89.47,2,Australia,Mumbai,2003-11-01,Australia,No,No
14,0,29,14,3,0,100.0,1,New Zealand,Cuttack,2003-11-06,New Zealand,No,No
89,0,133,91,12,1,97.8,2,Australia,Bengaluru,2003-11-12,Australia,No,No
102,0,124,91,12,1,112.08,1,New Zealand,Hyderabad (Deccan),2003-11-15,India,Yes,Yes
45,0,104,66,5,0,68.18,2,Australia,Kolkata,2003-11-18,Australia,No,No
63,0,117,69,8,1,91.3,2,Australia,Melbourne,2004-01-09,Australia,No,No
44,0,107,59,6,0,74.57,2,Zimbabwe,Hobart,2004-01-14,India,No,Yes
86,0,129,95,8,0,90.52,1,Australia,Brisbane,2004-01-18,India,No,Yes
5,0,17,6,1,0,83.33,1,Australia,Perth,2004-02-01,Australia,No,No
3,0,16,8,0,0,37.5,2,Zimbabwe,Perth,2004-02-03,India,No,Yes
8,0,28,22,1,0,36.36,1,Australia,Melbourne,2004-02-06,Australia,No,No
27,0,38,40,4,0,67.5,2,Australia,Sydney,2004-02-08,Australia,No,No
28,0,49,35,4,1,80.0,1,Pakistan,Karachi,2004-03-13,India,No,Yes
141,0,173,135,17,1,104.44,2,Pakistan,Rawalpindi,2004-03-16,Pakistan,Yes,No
0,0,7,5,0,0,0.0,1,Pakistan,Peshawar,2004-03-19,Pakistan,No,No
7,0,22,13,1,0,53.84,2,Pakistan,Lahore,2004-03-21,India,No,Yes
37,0,60,48,7,0,77.08,1,Pakistan,Lahore,2004-03-24,India,No,Yes
18,0,39,25,2,0,72.0,1,U.A.E.,Dambulla,2004-07-16,India,No,Yes
11,0,17,13,2,0,84.61,2,Sri Lanka,Dambulla,2004-07-18,Sri Lanka,No,No
82,1,157,126,10,1,65.07,2,Bangladesh,Colombo (SSC),2004-07-21,India,No,Yes
78,0,192,103,6,0,75.72,2,Pakistan,Colombo (RPS),2004-07-25,Pakistan,No,No
18,0,30,21,3,0,85.71,1,Sri Lanka,Colombo (RPS),2004-07-27,India,No,Yes
74,0,170,100,7,1,74.0,2,Sri Lanka,Colombo (RPS),2004-08-01,Sri Lanka,No,No
16,0,30,17,2,0,94.11,1,Pakistan,Kolkata,2004-11-13,Pakistan,No,No
19,0,46,32,3,0,59.37,1,Bangladesh,Chattogram,2004-12-23,India,No,Yes
47,0,60,42,9,0,111.9,1,Bangladesh,Dhaka,2004-12-27,India,No,Yes
4,0,8,4,1,0,100.0,1,Pakistan,Kochi,2005-04-02,India,No,Yes
2,0,17,8,0,0,25.0,1,Pakistan,Visakhapatnam,2005-04-05,India,No,Yes
6,0,15,11,1,0,54.54,2,Pakistan,Jamshedpur,2005-04-09,Pakistan,No,No
123,0,192,130,12,2,94.61,1,Pakistan,Ahmedabad,2005-04-12,Pakistan,Yes,No
1,0,13,10,0,0,10.0,1,Pakistan,Kanpur,2005-04-15,Pakistan,No,No
9,0,38,15,0,0,60.0,2,Pakistan,Delhi,2005-04-17,Pakistan,No,No
93,0,149,96,9,2,96.87,1,Sri Lanka,Nagpur,2005-10-25,India,No,Yes
67,1,87,69,11,0,97.1,2,Sri Lanka,Mohali,2005-10-28,India,No,Yes
2,0,2,3,0,0,66.66,2,Sri Lanka,Jaipur,2005-10-31,India,No,Yes
11,0,28,19,1,1,57.89,2,Sri Lanka,Pune,2005-11-03,India,No,Yes
19,0,46,30,3,0,63.33,2,Sri Lanka,Rajkot,2005-11-09,India,No,Yes
39,0,76,48,8,0,81.25,2,Sri Lanka,Vadodara,2005-11-12,India,No,Yes
2,0,20,9,0,0,22.22,1,South Africa,Hyderabad (Deccan),2005-11-16,South Africa,No,No
2,0,31,22,0,0,9.09,2,South Africa,Bengaluru,2005-11-19,India,No,Yes
2,0,18,15,0,0,13.33,1,South Africa,Kolkata,2005-11-25,South Africa,No,No
30,0,77,44,5,0,68.18,2,South Africa,Mumbai,2005-11-28,India,No,Yes
100,0,188,113,10,1,88.49,1,Pakistan,Peshawar,2006-02-06,Pakistan,Yes,No
42,0,71,43,8,0,97.67,2,Pakistan,Rawalpindi,2006-02-11,India,No,Yes
95,0,157,104,16,1,91.34,2,Pakistan,Lahore,2006-02-13,India,No,Yes
0,0,7,3,0,0,0.0,2,Pakistan,Multan,2006-02-16,India,No,Yes
141,1,-,148,13,5,95.27,1,West Indies,Kuala Lumpur,2006-09-14,West Indies,Yes,No
12,0,30,17,2,0,70.58,2,Australia,Kuala Lumpur,2006-09-16,no result,No,No
65,0,154,102,7,0,63.72,1,West Indies,Kuala Lumpur,2006-09-20,India,No,Yes
4,0,11,10,1,0,40.0,2,Australia,Kuala Lumpur,2006-09-22,Australia,No,No
35,0,87,41,5,0,85.36,2,England,Jaipur,2006-10-15,India,No,Yes
29,0,81,45,4,0,64.44,1,West Indies,Ahmedabad,2006-10-26,West Indies,No,No
10,0,46,26,2,0,38.46,1,Australia,Mohali,2006-10-29,Australia,No,No
35,0,79,51,5,0,68.62,2,South Africa,Durban,2006-11-22,South Africa,No,No
2,0,20,9,0,0,22.22,2,South Africa,Cape Town,2006-11-26,South Africa,No,No
1,0,4,3,0,0,33.33,2,South Africa,Port Elizabeth,2006-11-29,South Africa,No,No
55,0,134,97,8,0,56.7,1,South Africa,Centurion,2006-12-03,South Africa,No,No
31,0,54,38,3,0,81.57,1,West Indies,Nagpur,2007-01-21,India,No,Yes
0,0,6,6,0,0,0.0,1,West Indies,Cuttack,2007-01-24,India,No,Yes
60,0,112,66,2,0,90.9,1,West Indies,Chennai,2007-01-27,West Indies,No,No
100,1,110,76,10,1,131.57,1,West Indies,Vadodara,2007-01-31,India,Yes,Yes
54,0,94,61,9,0,88.52,2,Sri Lanka,Rajkot,2007-02-11,Sri Lanka,No,No
1,0,13,8,0,0,12.5,2,Sri Lanka,Margao,2007-02-14,India,No,Yes
7,0,40,26,1,0,26.92,1,Bangladesh,Port of Spain,2007-03-17,Bangladesh,No,No
57,1,46,29,2,4,196.55,1,Bermuda,Port of Spain,2007-03-19,India,No,Yes
0,0,5,3,0,0,0.0,2,Sri Lanka,Port of Spain,2007-03-23,Sri Lanka,No,No
4,0,4,3,1,0,133.33,2,Ireland,Belfast,2007-06-23,India,No,Yes
99,0,199,143,12,0,69.23,1,South Africa,Belfast,2007-06-26,South Africa,No,No
93,0,140,106,13,2,87.73,2,South Africa,Belfast,2007-06-29,India,No,Yes
8,0,10,8,2,0,100.0,2,South Africa,Belfast,2007-07-01,India,No,Yes
17,0,52,33,1,0,51.51,2,England,Southampton,2007-08-21,England,No,No
99,0,158,112,15,1,88.39,1,England,Bristol,2007-08-24,India,No,Yes
8,0,42,19,1,0,42.1,2,England,Birmingham,2007-08-27,England,No,No
55,0,128,86,9,0,63.95,1,England,Manchester,2007-08-30,England,No,No
71,0,87,59,13,0,120.33,1,England,Leeds,2007-09-02,India,No,Yes
94,0,120,81,16,1,116.04,2,England,The Oval,2007-09-05,India,No,Yes
30,0,80,46,4,0,65.21,1,England,Lord's,2007-09-08,England,No,No
0,0,9,6,0,0,0.0,2,Australia,Bengaluru,2007-09-29,no result,No,No
16,0,43,25,1,1,64.0,2,Australia,Kochi,2007-10-02,Australia,No,No
43,0,119,71,6,0,60.56,2,Australia,Hyderabad (Deccan),2007-10-05,Australia,No,No
79,0,184,119,7,0,66.38,1,Australia,Chandigarh,2007-10-08,India,No,Yes
47,0,128,73,9,0,64.38,1,Australia,Vadodara,2007-10-11,Australia,No,No
72,0,105,72,9,1,100.0,2,Australia,Nagpur,2007-10-14,Australia,No,No
21,0,52,36,4,0,58.33,2,Australia,Mumbai,2007-10-17,India,No,Yes
4,0,14,7,1,0,57.14,2,Pakistan,Guwahati,2007-11-05,India,No,Yes
99,0,130,91,14,1,108.79,1,Pakistan,Mohali,2007-11-08,Pakistan,No,No
29,0,54,27,5,0,107.4,1,Pakistan,Kanpur,2007-11-11,India,No,Yes
97,0,149,102,16,0,95.09,2,Pakistan,Gwalior,2007-11-15,India,No,Yes
30,0,54,27,6,0,111.11,2,Pakistan,Jaipur,2007-11-18,Pakistan,No,No
10,0,30,17,1,0,58.82,1,Australia,Brisbane,2008-02-03,no result,No,No
35,0,70,52,2,0,67.3,1,Sri Lanka,Brisbane,2008-02-05,no result,No,No
44,0,123,54,3,0,81.48,2,Australia,Melbourne,2008-02-10,India,No,Yes
32,0,41,30,4,0,106.66,1,Sri Lanka,Canberra,2008-02-12,Sri Lanka,No,No
5,0,23,15,1,0,33.33,2,Australia,Adelaide,2008-02-17,Australia,No,No
0,0,6,2,0,0,0.0,2,Sri Lanka,Adelaide,2008-02-19,India,No,Yes
2,0,3,3,0,0,66.66,2,Australia,Sydney,2008-02-24,Australia,No,No
63,0,92,54,10,0,116.66,2,Sri Lanka,Hobart,2008-02-26,India,No,Yes
117,1,235,120,10,0,97.5,2,Australia,Sydney,2008-03-02,India,Yes,Yes
91,0,176,121,7,0,75.2,1,Australia,Brisbane,2008-03-04,India,No,Yes
11,0,40,21,2,0,52.38,1,England,Bengaluru,2008-11-23,India,No,Yes
50,0,99,57,6,0,87.71,2,England,Cuttack,2008-11-26,India,No,Yes
5,0,15,16,0,0,31.25,2,Sri Lanka,Dambulla,2009-01-28,India,No,Yes
6,0,11,9,0,0,66.66,1,Sri Lanka,Colombo (RPS),2009-01-31,India,No,Yes
7,0,9,12,0,1,58.33,1,Sri Lanka,Colombo (RPS),2009-02-03,India,No,Yes
20,0,43,23,2,0,86.95,1,New Zealand,Napier,2009-03-03,India,No,Yes
61,0,100,69,7,1,88.4,1,New Zealand,Wellington,2009-03-06,no result,No,No
163,1,206,133,16,5,122.55,1,New Zealand,Christchurch,2009-03-08,India,Yes,Yes
46,0,81,55,6,0,83.63,2,New Zealand,Colombo (RPS),2009-09-11,India,No,Yes
27,0,63,33,5,0,81.81,2,Sri Lanka,Colombo (RPS),2009-09-12,Sri Lanka,No,No
138,0,214,133,10,1,103.75,1,Sri Lanka,Colombo (RPS),2009-09-14,India,Yes,Yes
8,0,19,14,1,0,57.14,2,Pakistan,Centurion,2009-09-26,Pakistan,No,No
14,0,40,29,2,0,48.27,2,Australia,Vadodara,2009-10-25,Australia,No,No
4,0,14,8,1,0,50.0,1,Australia,Nagpur,2009-10-28,India,No,Yes
32,0,63,47,2,0,68.08,2,Australia,Delhi,2009-10-31,India,No,Yes
40,0,86,68,6,0,58.82,2,Australia,Mohali,2009-11-02,Australia,No,No
175,0,210,141,19,4,124.11,2,Australia,Hyderabad (Deccan),2009-11-05,Australia,Yes,No
10,0,23,17,2,0,58.82,1,Australia,Guwahati,2009-11-08,Australia,No,No
69,0,91,63,10,1,109.52,1,Sri Lanka,Rajkot,2009-12-15,India,No,Yes
43,0,76,52,4,0,82.69,1,Sri Lanka,Nagpur,2009-12-18,Sri Lanka,No,No
96,1,187,104,13,0,92.3,2,Sri Lanka,Cuttack,2009-12-21,India,No,Yes
8,0,-,8,2,0,100.0,2,Sri Lanka,Kolkata,2009-12-24,India,No,Yes
4,0,-,5,1,0,80.0,1,South Africa,Jaipur,2010-02-21,India,No,Yes
200,1,226,147,25,3,136.05,1,South Africa,Gwalior,2010-02-24,India,Yes,Yes
7,0,16,11,0,0,63.63,2,South Africa,Durban,2011-01-12,South Africa,No,No
24,0,78,44,2,0,54.54,1,South Africa,Johannesburg,2011-01-15,India,No,Yes
28,0,46,29,4,0,96.55,1,Bangladesh,Dhaka,2011-02-19,India,No,Yes
120,0,170,115,10,5,104.34,1,England,Bengaluru,2011-02-27,tied,Yes,No
38,0,91,56,4,0,67.85,2,Ireland,Bengaluru,2011-03-06,India,No,Yes
27,0,45,22,6,0,122.72,2,Netherlands,Delhi,2011-03-09,India,No,Yes
111,0,184,101,8,3,109.9,1,South Africa,Nagpur,2011-03-12,South Africa,Yes,No
2,0,4,4,0,0,50.0,1,West Indies,Chennai,2011-03-20,India,No,Yes
53,0,93,68,7,0,77.94,2,Australia,Ahmedabad,2011-03-24,India,No,Yes
85,0,160,115,11,0,73.91,1,Pakistan,Mohali,2011-03-30,India,No,Yes
18,0,21,14,2,0,128.57,2,Sri Lanka,Mumbai,2011-04-02,India,No,Yes
2,0,9,6,0,0,33.33,2,Australia,Melbourne,2012-02-05,Australia,No,No
48,0,87,63,5,0,76.19,2,Sri Lanka,Perth,2012-02-08,India,No,Yes
15,0,25,24,2,0,62.5,2,Sri Lanka,Adelaide,2012-02-14,tied,No,No
3,0,21,12,0,0,25.0,2,Australia,Brisbane,2012-02-19,Australia,No,No
22,0,33,23,3,0,95.65,2,Sri Lanka,Brisbane,2012-02-21,Sri Lanka,No,No
14,0,34,15,2,0,93.33,2,Australia,Sydney,2012-02-26,Australia,No,No
39,0,45,30,5,0,130.0,2,Sri Lanka,Hobart,2012-02-28,India,No,Yes
6,0,25,19,1,0,31.57,1,Sri Lanka,Dhaka,2012-03-13,India,No,Yes
114,0,205,147,12,1,77.55,1,Bangladesh,Dhaka,2012-03-16,Bangladesh,Yes,No
52,0,93,48,5,1,108.33,2,Pakistan,Dhaka,2012-03-18,India,No,Yes
